epoch,train_loss,train_l1,train_ssim_loss,train_perceptual,val_loss,lr,time_seconds
1,0.599388,0.065482,0.457124,0.767826,0.488987,0.000050,88.4
2,0.489531,0.042997,0.377296,0.692387,0.504832,0.000000,84.9
1,0.599388,0.065482,0.457124,0.767826,0.488987,0.000100,86.0
2,0.494395,0.044979,0.379228,0.701879,0.497090,0.000100,85.5
3,0.495033,0.044860,0.379525,0.706470,0.555197,0.000100,84.9
4,0.510352,0.054559,0.382984,0.728094,0.488967,0.000100,85.3
5,0.501987,0.045861,0.386096,0.700307,0.511531,0.000100,84.7
6,0.497421,0.045173,0.382974,0.692738,0.521842,0.000100,84.7
7,0.486736,0.043296,0.374833,0.686068,0.497779,0.000100,84.8
8,0.475475,0.042068,0.364928,0.684789,0.483234,0.000100,84.7
9,0.464484,0.040477,0.356263,0.677432,0.463976,0.000100,84.8
10,0.471708,0.041381,0.362841,0.674857,0.492678,0.000100,84.7
11,0.473497,0.042131,0.363063,0.683032,0.464578,0.000100,84.7
12,0.478552,0.043185,0.367144,0.682237,0.481406,0.000100,84.7
13,0.473603,0.041323,0.363858,0.684221,0.484530,0.000100,84.7
14,0.475448,0.041861,0.365042,0.685450,0.517496,0.000100,84.8
15,0.478944,0.041698,0.369754,0.674931,0.465760,0.000100,84.8
16,0.480270,0.042632,0.369834,0.678048,0.478628,0.000099,84.7
17,0.479764,0.043171,0.368717,0.678765,0.510736,0.000099,84.7
18,0.479345,0.042027,0.369468,0.678498,0.489248,0.000099,84.8
19,0.477590,0.041527,0.368184,0.678793,0.537831,0.000099,84.8
20,0.484777,0.043562,0.372901,0.683130,0.477405,0.000099,84.7
21,0.483191,0.043269,0.372060,0.678624,0.486692,0.000099,84.7
22,0.468293,0.041367,0.359285,0.676402,0.464218,0.000099,84.7
23,0.465737,0.040573,0.357416,0.677481,0.493713,0.000099,84.7
24,0.462222,0.040061,0.354591,0.675697,0.459486,0.000099,84.8
25,0.482019,0.044048,0.370035,0.679358,0.507893,0.000099,84.7
26,0.520782,0.071348,0.376899,0.725350,0.627451,0.000099,84.7
27,0.535126,0.078004,0.384193,0.729282,0.510423,0.000099,84.6
28,0.494547,0.056780,0.366729,0.710378,0.486763,0.000098,84.7
29,0.492852,0.051267,0.372499,0.690867,0.473966,0.000098,84.6
30,0.477168,0.042019,0.365660,0.694892,0.486690,0.000098,84.7
31,0.493359,0.046719,0.369988,0.766519,0.501886,0.000098,84.6
32,0.499134,0.050451,0.370686,0.779972,0.498989,0.000098,84.7
33,0.527025,0.065828,0.372367,0.888299,0.517995,0.000098,84.8
34,0.510563,0.054376,0.372449,0.837381,0.493833,0.000098,84.6
35,0.529045,0.053772,0.395963,0.793105,0.613630,0.000098,84.6
36,0.565060,0.079901,0.395145,0.900134,0.534070,0.000097,84.6
37,0.492432,0.045976,0.370828,0.756276,0.493606,0.000097,84.6
38,0.501927,0.044341,0.384046,0.735406,0.501935,0.000097,84.6
39,0.500221,0.045361,0.382390,0.724699,0.502832,0.000097,84.6
40,0.529337,0.063332,0.385954,0.800500,0.500854,0.000097,84.6
41,0.493412,0.051469,0.370325,0.716177,0.481881,0.000097,84.6
42,0.503564,0.052494,0.379855,0.712145,0.503931,0.000096,84.6
43,0.486896,0.044832,0.372363,0.697004,0.486131,0.000096,84.7
44,0.490565,0.045510,0.374232,0.708232,0.485528,0.000096,84.6
45,0.500401,0.053725,0.370251,0.764252,0.498150,0.000096,84.7
46,0.482165,0.044294,0.367653,0.702180,0.491444,0.000096,84.6
47,0.487428,0.043598,0.375090,0.687404,0.488461,0.000096,84.6
48,0.509329,0.055801,0.370039,0.834886,0.513635,0.000095,84.6
49,0.471465,0.041757,0.359334,0.703746,0.494272,0.000095,84.7
50,0.489639,0.044605,0.373107,0.719276,0.482783,0.000095,84.6
51,0.556047,0.078084,0.381238,0.967247,0.529111,0.000095,84.6
52,0.494458,0.051185,0.372186,0.710868,0.487538,0.000095,84.6
53,0.478855,0.042549,0.368606,0.677006,0.487636,0.000094,84.7
54,0.474769,0.042914,0.361684,0.701713,0.477969,0.000094,84.6
55,0.468887,0.040712,0.359690,0.684844,0.514401,0.000094,84.6
56,0.482255,0.042318,0.371544,0.683920,0.479484,0.000094,84.6
57,0.465950,0.040115,0.357398,0.684364,0.470287,0.000094,84.6
58,0.472436,0.040868,0.363276,0.682921,0.484340,0.000093,84.6
59,0.473197,0.041279,0.362514,0.694046,0.474114,0.000093,84.6
60,0.476834,0.041949,0.365449,0.694357,0.509891,0.000093,84.6
61,0.507689,0.048800,0.382752,0.761369,0.510724,0.000093,84.7
62,0.487993,0.043226,0.375961,0.688056,0.495800,0.000092,84.7
63,0.476651,0.041696,0.366661,0.682936,0.483212,0.000092,84.7
64,0.473937,0.041210,0.364580,0.681472,0.481766,0.000092,84.7
65,0.489957,0.042970,0.379903,0.670847,0.499203,0.000092,84.6
66,0.472730,0.040787,0.364633,0.673112,0.472248,0.000091,84.6
67,0.469887,0.040830,0.360233,0.688236,0.476969,0.000091,84.6
68,0.464014,0.039884,0.355916,0.682141,0.469386,0.000091,84.6
69,0.485941,0.042362,0.375998,0.675802,0.481833,0.000091,84.6
70,0.463921,0.039956,0.356426,0.675392,0.467453,0.000090,84.6
71,0.463210,0.039781,0.355876,0.675535,0.467093,0.000090,84.6
72,0.473786,0.041897,0.363083,0.688058,0.475793,0.000090,84.7
73,0.461098,0.039375,0.353875,0.678471,0.480218,0.000090,84.6
74,0.467977,0.040968,0.358947,0.680622,0.498254,0.000089,84.7
75,0.472690,0.041613,0.363550,0.675271,0.469944,0.000089,84.6
76,0.462656,0.039943,0.354859,0.678549,0.468635,0.000089,84.6
77,0.467206,0.040654,0.358277,0.682752,0.468536,0.000089,84.7
78,0.458438,0.039285,0.350722,0.684309,0.463090,0.000088,84.6
79,0.455643,0.039278,0.348837,0.675267,0.468857,0.000088,84.7
80,0.477944,0.042556,0.366870,0.685184,0.501826,0.000088,84.6
81,0.474041,0.041455,0.365325,0.672609,0.472354,0.000087,84.6
82,0.469785,0.040848,0.361706,0.672309,0.490874,0.000087,84.6
83,0.470571,0.040851,0.361779,0.679407,0.475733,0.000087,84.6
84,0.472405,0.040825,0.364042,0.675383,0.470503,0.000086,84.7
85,0.456932,0.039163,0.349922,0.678472,0.464123,0.000086,84.7
86,0.466431,0.040161,0.357994,0.682762,0.476929,0.000086,84.6
87,0.477875,0.042150,0.367339,0.683864,0.515630,0.000086,84.6
88,0.480199,0.041500,0.370553,0.681461,0.473111,0.000085,84.6
89,0.470749,0.042332,0.359926,0.684913,0.487170,0.000085,84.6
90,0.471455,0.041071,0.362664,0.677194,0.491411,0.000085,84.6
91,0.469126,0.040453,0.361158,0.675144,0.492199,0.000084,84.6
92,0.478611,0.041883,0.368526,0.682017,0.486401,0.000084,84.6
93,0.467169,0.040206,0.359347,0.676170,0.470186,0.000084,84.6
94,0.463942,0.041132,0.355188,0.676218,0.504790,0.000083,84.6
95,0.467122,0.040214,0.359330,0.675788,0.472311,0.000083,84.6
96,0.465760,0.040406,0.356933,0.684223,0.473741,0.000083,84.6
97,0.459169,0.039203,0.352242,0.677237,0.463738,0.000082,84.6
98,0.486462,0.043423,0.375277,0.677619,0.489493,0.000082,84.7
99,0.496935,0.048209,0.380350,0.683769,0.509873,0.000082,84.6
100,0.469627,0.040463,0.361777,0.673873,0.470532,0.000081,84.7
101,0.463376,0.040050,0.356137,0.671878,0.483759,0.000081,84.6
102,0.463618,0.039623,0.356345,0.676494,0.463840,0.000080,84.6
103,0.472177,0.041207,0.363436,0.675337,0.473081,0.000080,84.6
104,0.472394,0.041464,0.363482,0.674486,0.483332,0.000080,84.7
105,0.463418,0.039758,0.355900,0.677593,0.473309,0.000079,84.7
106,0.459658,0.039346,0.352085,0.682278,0.478316,0.000079,84.7
107,0.459125,0.039313,0.351396,0.684165,0.480199,0.000079,84.6
108,0.459906,0.039282,0.353332,0.672916,0.467591,0.000078,84.6
109,0.476030,0.045456,0.362806,0.677676,0.482929,0.000078,84.6
110,0.467106,0.040471,0.358446,0.681884,0.470768,0.000078,84.6
111,0.466597,0.040453,0.358466,0.676778,0.480607,0.000077,84.6
112,0.463603,0.040027,0.356048,0.675283,0.475380,0.000077,84.6
113,0.457096,0.039193,0.350589,0.673140,0.465645,0.000076,84.6
114,0.456366,0.039130,0.349848,0.673880,0.475127,0.000076,84.6
115,0.459379,0.039479,0.352993,0.669075,0.470394,0.000076,84.6
116,0.469122,0.042883,0.357802,0.684365,0.482835,0.000075,84.6
117,0.469337,0.040629,0.360719,0.679887,0.477383,0.000075,84.6
118,0.460257,0.039455,0.353133,0.676691,0.484684,0.000074,84.6
119,0.467351,0.040459,0.359248,0.676439,0.467291,0.000074,84.6
120,0.462005,0.039842,0.355130,0.670334,0.471936,0.000074,84.6
121,0.459489,0.040500,0.352096,0.668935,0.463029,0.000073,84.6
122,0.455681,0.038914,0.350003,0.667638,0.470516,0.000073,84.6
123,0.460440,0.039426,0.353616,0.673977,0.462433,0.000072,84.6
124,0.467711,0.040042,0.359962,0.677071,0.472705,0.000072,84.6
125,0.456465,0.038911,0.349433,0.681214,0.473816,0.000072,84.6
126,0.457099,0.039108,0.350143,0.678482,0.490583,0.000071,84.7
127,0.465239,0.039954,0.357814,0.674711,0.463266,0.000071,84.6
128,0.465502,0.040535,0.357877,0.670904,0.481448,0.000070,84.6
129,0.462056,0.039563,0.355167,0.673261,0.463656,0.000070,84.8
130,0.452872,0.038699,0.346913,0.672603,0.457962,0.000070,84.6
131,0.457626,0.039294,0.351060,0.672725,0.481366,0.000069,84.7
132,0.467580,0.040481,0.359874,0.672255,0.495899,0.000069,84.6
133,0.465919,0.040106,0.359141,0.666718,0.507930,0.000068,84.6
134,0.466421,0.041308,0.358376,0.667371,0.466209,0.000068,84.7
135,0.458438,0.039253,0.351673,0.675113,0.461002,0.000068,84.6
136,0.454917,0.038760,0.348961,0.671953,0.460142,0.000067,84.7
137,0.460179,0.039755,0.353539,0.668852,0.475506,0.000067,84.6
138,0.477650,0.043390,0.366571,0.676902,0.499433,0.000066,84.6
139,0.473937,0.040998,0.365536,0.674029,0.474238,0.000066,84.7
140,0.463872,0.039875,0.356774,0.672235,0.480169,0.000065,84.7
141,0.463143,0.039891,0.355902,0.673497,0.470204,0.000065,84.7
142,0.457684,0.039171,0.351119,0.673936,0.480357,0.000065,84.6
143,0.463584,0.039865,0.356919,0.668002,0.476005,0.000064,84.6
144,0.457650,0.039113,0.351304,0.672336,0.457822,0.000064,84.6
145,0.455943,0.039566,0.348699,0.676778,0.479214,0.000063,84.6
146,0.466121,0.039993,0.359020,0.671078,0.483180,0.000063,84.6
147,0.459072,0.039352,0.352829,0.668906,0.462800,0.000062,84.7
148,0.452296,0.038587,0.346997,0.667113,0.462637,0.000062,84.7
149,0.464368,0.042541,0.354544,0.672825,0.480728,0.000062,84.7
150,0.463771,0.040299,0.356014,0.674584,0.468757,0.000061,84.6
151,0.466448,0.040797,0.358998,0.666524,0.480219,0.000061,84.6
152,0.463096,0.040387,0.356094,0.666141,0.485119,0.000060,84.6
153,0.464691,0.040470,0.357278,0.669436,0.468062,0.000060,84.7
154,0.453098,0.038920,0.346654,0.675237,0.459262,0.000059,84.6
155,0.460689,0.040696,0.352950,0.670438,0.469765,0.000059,84.6
156,0.459988,0.039665,0.353454,0.668691,0.468455,0.000058,84.7
157,0.468193,0.042264,0.358865,0.670644,0.493713,0.000058,84.7
158,0.477063,0.041920,0.368499,0.666446,0.493571,0.000058,84.7
159,0.471720,0.040856,0.363871,0.669932,0.477279,0.000057,84.6
160,0.463191,0.039719,0.356193,0.672797,0.469005,0.000057,84.7
161,0.466545,0.040282,0.358802,0.674615,0.475569,0.000056,84.6
162,0.457907,0.039204,0.351884,0.668198,0.462551,0.000056,84.7
163,0.466510,0.039889,0.359874,0.667461,0.475397,0.000055,84.6
164,0.456457,0.038879,0.350001,0.675758,0.463022,0.000055,84.7
165,0.458697,0.039364,0.352169,0.671635,0.464501,0.000054,84.6
166,0.454422,0.038764,0.347796,0.678628,0.462834,0.000054,84.7
167,0.463636,0.040487,0.356014,0.671349,0.476676,0.000054,84.6
168,0.462273,0.039890,0.354956,0.674262,0.464200,0.000053,84.7
169,0.464388,0.040629,0.356278,0.674813,0.465749,0.000053,84.7
170,0.458124,0.039481,0.351076,0.675673,0.471910,0.000052,84.6
171,0.457858,0.039494,0.351249,0.671149,0.477658,0.000052,84.6
172,0.461408,0.039925,0.354491,0.669924,0.470151,0.000051,84.7
173,0.461444,0.040105,0.354526,0.668127,0.470102,0.000051,84.6
174,0.471529,0.043863,0.360908,0.667581,0.482465,0.000050,84.7
175,0.465194,0.039994,0.357867,0.673329,0.469238,0.000050,84.6
176,0.455606,0.038993,0.349141,0.674714,0.463623,0.000050,84.6
177,0.464085,0.040726,0.356286,0.670725,0.466433,0.000049,84.6
178,0.458619,0.039715,0.352077,0.668264,0.476182,0.000049,84.6
179,0.457399,0.039493,0.351072,0.668332,0.467736,0.000048,84.7
180,0.461301,0.040021,0.354311,0.669686,0.464875,0.000048,84.7
181,0.456169,0.039544,0.349801,0.668234,0.474504,0.000047,84.6
182,0.462773,0.039689,0.355785,0.672987,0.471352,0.000047,84.6
183,0.453198,0.038935,0.347346,0.669170,0.461138,0.000046,84.7
184,0.456036,0.039283,0.349941,0.668125,0.463288,0.000046,84.6
185,0.458031,0.039379,0.351022,0.676294,0.482355,0.000046,84.7
186,0.462889,0.039746,0.355791,0.673520,0.470686,0.000045,84.6
187,0.455595,0.038987,0.349515,0.670937,0.468831,0.000045,84.6
188,0.464353,0.040182,0.357098,0.670730,0.470495,0.000044,84.6
189,0.461966,0.039906,0.354602,0.674582,0.473405,0.000044,84.6
190,0.459097,0.039505,0.352149,0.674434,0.466751,0.000043,84.7
191,0.465822,0.040445,0.357382,0.679942,0.470805,0.000043,84.7
192,0.457123,0.039044,0.350817,0.672627,0.465313,0.000042,84.7
193,0.457224,0.039105,0.351295,0.668243,0.463018,0.000042,84.6
194,0.458346,0.040097,0.350975,0.672744,0.463556,0.000042,84.7
195,0.458310,0.039355,0.352355,0.666000,0.466317,0.000041,84.7
196,0.455647,0.039211,0.349808,0.666280,0.463217,0.000041,84.7
197,0.459555,0.039366,0.352703,0.674869,0.474830,0.000040,84.6
198,0.460852,0.039440,0.354625,0.667877,0.464329,0.000040,84.7
199,0.456959,0.039268,0.350830,0.668607,0.482804,0.000039,84.6
200,0.466326,0.040531,0.358809,0.669865,0.473212,0.000039,84.6
201,0.461972,0.039589,0.355494,0.668881,0.466951,0.000038,84.6
202,0.458221,0.039151,0.351987,0.670827,0.465769,0.000038,84.7
203,0.456095,0.039281,0.348920,0.678936,0.462169,0.000038,84.6
204,0.459616,0.039604,0.352256,0.677558,0.473853,0.000037,84.6
205,0.458709,0.039428,0.351922,0.673589,0.468629,0.000037,84.6
206,0.454110,0.039041,0.347713,0.673559,0.463577,0.000036,84.6
207,0.457419,0.040651,0.349484,0.672837,0.461915,0.000036,84.6
208,0.455386,0.038975,0.348842,0.675694,0.469893,0.000035,84.6
209,0.458181,0.039392,0.351682,0.671070,0.468360,0.000035,84.7
210,0.458553,0.039804,0.351958,0.667905,0.465430,0.000035,84.7
211,0.452541,0.038702,0.346538,0.673005,0.459048,0.000034,84.7
212,0.451961,0.038710,0.346333,0.669179,0.467320,0.000034,84.7
213,0.456289,0.039016,0.350641,0.666315,0.467147,0.000033,84.7
214,0.454331,0.038988,0.348464,0.668791,0.461536,0.000033,84.7
215,0.451512,0.038598,0.345998,0.669163,0.462024,0.000032,84.7
216,0.455390,0.039210,0.349303,0.668773,0.465763,0.000032,84.7
217,0.456199,0.039919,0.349589,0.666905,0.471600,0.000032,84.7
218,0.460299,0.039894,0.354022,0.663822,0.467311,0.000031,84.7
219,0.455596,0.039352,0.349574,0.666697,0.467608,0.000031,84.7
220,0.453139,0.038857,0.347370,0.669121,0.460040,0.000030,84.7
221,0.451387,0.038891,0.345547,0.669493,0.459805,0.000030,84.7
222,0.451326,0.038586,0.345783,0.669574,0.463871,0.000030,84.7
223,0.452198,0.038720,0.346910,0.665687,0.462261,0.000029,84.7
224,0.461448,0.041318,0.353521,0.666085,0.467170,0.000029,84.7
225,0.458215,0.039348,0.352188,0.666785,0.469676,0.000028,84.7
226,0.455179,0.038916,0.349758,0.665048,0.461526,0.000028,84.7
227,0.450196,0.038570,0.344725,0.669005,0.459485,0.000028,84.7
228,0.451614,0.038834,0.346056,0.667235,0.463027,0.000027,84.8
229,0.455511,0.039268,0.349539,0.667036,0.472026,0.000027,84.7
230,0.455750,0.039247,0.349606,0.668971,0.463125,0.000026,84.8
231,0.452984,0.038852,0.347276,0.668557,0.461706,0.000026,84.7
232,0.451249,0.038649,0.345831,0.667697,0.458607,0.000026,84.8
233,0.454017,0.039036,0.348454,0.665266,0.464779,0.000025,84.7
234,0.452912,0.038890,0.347463,0.665599,0.471202,0.000025,85.2
235,0.458978,0.039277,0.353087,0.666141,0.465556,0.000024,85.7
236,0.451775,0.038629,0.346182,0.669646,0.458763,0.000024,85.7
237,0.453124,0.039184,0.347377,0.665633,0.458004,0.000024,84.7
238,0.449922,0.038735,0.344151,0.670362,0.459270,0.000023,84.7
239,0.449359,0.038350,0.343624,0.673847,0.454812,0.000023,84.7
240,0.452464,0.038664,0.347111,0.666883,0.461398,0.000022,84.7
241,0.454852,0.039369,0.348508,0.669746,0.466221,0.000022,84.7
242,0.456512,0.039384,0.350205,0.669235,0.470310,0.000022,84.7
243,0.458014,0.039975,0.351443,0.665959,0.466191,0.000021,84.7
244,0.456489,0.039493,0.350244,0.667521,0.462357,0.000021,84.7
245,0.453074,0.038937,0.347508,0.666287,0.461388,0.000021,84.7
246,0.452696,0.038861,0.347328,0.665066,0.460498,0.000020,84.7
247,0.452086,0.038762,0.346882,0.664410,0.466245,0.000020,84.7
248,0.450872,0.038602,0.345590,0.666793,0.455487,0.000020,84.7
249,0.450887,0.038606,0.345285,0.669964,0.457218,0.000019,84.7
250,0.453525,0.039128,0.347986,0.664103,0.459849,0.000019,84.7
251,0.450827,0.038998,0.345170,0.666588,0.462323,0.000018,84.7
252,0.449824,0.038982,0.344362,0.664800,0.457047,0.000018,84.7
253,0.455267,0.040141,0.348720,0.664058,0.469098,0.000018,84.7
254,0.456849,0.039302,0.351240,0.663079,0.461968,0.000017,84.8
255,0.449933,0.038411,0.344664,0.668586,0.459319,0.000017,84.7
256,0.449991,0.038439,0.344859,0.666933,0.464780,0.000017,84.7
257,0.453663,0.038926,0.348485,0.662519,0.461992,0.000016,84.7
258,0.450248,0.038529,0.344880,0.668389,0.454564,0.000016,84.7
259,0.448042,0.038249,0.342987,0.668059,0.456576,0.000016,84.7
260,0.450464,0.038500,0.345466,0.664974,0.458643,0.000015,84.7
261,0.451769,0.038539,0.346826,0.664034,0.461859,0.000015,84.7
262,0.451167,0.038586,0.346000,0.665809,0.458889,0.000015,84.7
263,0.452038,0.038787,0.346925,0.663258,0.465809,0.000014,84.7
264,0.451789,0.038613,0.346799,0.663775,0.459755,0.000014,84.7
265,0.447847,0.038217,0.342606,0.670246,0.455130,0.000014,84.7
266,0.456441,0.039857,0.349634,0.669499,0.462635,0.000014,84.7
267,0.454817,0.039113,0.348367,0.673381,0.467077,0.000013,84.7
268,0.458804,0.039471,0.351711,0.676216,0.466553,0.000013,84.7
269,0.457413,0.039234,0.350179,0.679998,0.464878,0.000013,84.7
270,0.455205,0.038922,0.348231,0.680522,0.462588,0.000012,84.7
271,0.453043,0.038834,0.345988,0.682210,0.457774,0.000012,84.6
272,0.452166,0.038704,0.345422,0.680402,0.460317,0.000012,84.7
273,0.451389,0.038749,0.344643,0.679964,0.458129,0.000011,84.6
274,0.450891,0.038654,0.344043,0.681940,0.457891,0.000011,84.7
275,0.450135,0.038693,0.343838,0.676045,0.461219,0.000011,84.7
276,0.450757,0.038754,0.344722,0.672803,0.457634,0.000011,84.7
277,0.450098,0.038762,0.344210,0.671259,0.459941,0.000010,84.7
278,0.450751,0.038755,0.345148,0.668481,0.463442,0.000010,84.7
279,0.450960,0.038669,0.345588,0.667023,0.458915,0.000010,84.7
280,0.449364,0.038710,0.343922,0.667313,0.457914,0.000010,84.7
281,0.448832,0.038531,0.343533,0.667683,0.459576,0.000009,84.7
282,0.447871,0.038424,0.342714,0.667333,0.456132,0.000009,84.7
283,0.447976,0.038487,0.342527,0.669617,0.456606,0.000009,84.7
284,0.451247,0.038940,0.345667,0.666408,0.459842,0.000009,84.6
285,0.451831,0.038743,0.346413,0.666749,0.459062,0.000008,84.6
286,0.449796,0.038624,0.344487,0.666840,0.458233,0.000008,187.4
287,0.448583,0.038407,0.343337,0.668392,0.455836,0.000008,86.9
288,0.447604,0.038399,0.342416,0.667888,0.454982,0.000008,84.6
289,0.448415,0.038560,0.343214,0.666406,0.460120,0.000007,84.8
290,0.451912,0.038839,0.346670,0.664028,0.461575,0.000007,84.8
291,0.451099,0.038674,0.345964,0.664609,0.458411,0.000007,84.8
292,0.449696,0.038535,0.344463,0.666975,0.457861,0.000007,84.8
293,0.449478,0.038665,0.344185,0.666282,0.457661,0.000006,84.9
294,0.448908,0.038514,0.343724,0.666698,0.454737,0.000006,84.9
295,0.446769,0.038228,0.341668,0.668732,0.455824,0.000006,84.9
296,0.446667,0.038377,0.341544,0.667459,0.453242,0.000006,84.9
297,0.446601,0.038300,0.341676,0.666248,0.453977,0.000006,84.9
298,0.446061,0.038202,0.341121,0.667370,0.454400,0.000005,84.9
299,0.447094,0.038272,0.342102,0.667195,0.456730,0.000005,85.0
300,0.448951,0.038498,0.343814,0.666397,0.454664,0.000005,84.9
301,0.447521,0.038410,0.342420,0.666909,0.455337,0.000005,84.9
302,0.446804,0.038254,0.341683,0.668676,0.454125,0.000005,84.9
303,0.447403,0.038557,0.342063,0.667832,0.454584,0.000004,85.0
304,0.446840,0.038621,0.341475,0.667442,0.455252,0.000004,84.9
305,0.447419,0.038774,0.341962,0.666824,0.453716,0.000004,85.0
306,0.447193,0.038611,0.341983,0.665990,0.453773,0.000004,84.9
307,0.446276,0.038433,0.341259,0.665835,0.455607,0.000004,84.9
308,0.446370,0.038310,0.341520,0.665398,0.455921,0.000004,85.0
309,0.447021,0.038477,0.341963,0.665811,0.454303,0.000003,84.9
310,0.447147,0.038539,0.342087,0.665208,0.457105,0.000003,84.9
311,0.447778,0.038515,0.342635,0.666278,0.453936,0.000003,84.9
312,0.447416,0.038450,0.342415,0.665508,0.456502,0.000003,84.9
313,0.446799,0.038476,0.341718,0.666054,0.454774,0.000003,84.9
314,0.447308,0.038543,0.342170,0.665946,0.455698,0.000003,85.0
315,0.447559,0.038559,0.342487,0.665129,0.455986,0.000002,84.9
316,0.448661,0.038595,0.343614,0.664512,0.455955,0.000002,85.0
317,0.449033,0.038678,0.343920,0.664353,0.455895,0.000002,85.0
318,0.448024,0.038548,0.342974,0.665017,0.456147,0.000002,85.0
319,0.448489,0.038524,0.343429,0.665363,0.454432,0.000002,84.9
320,0.448311,0.038554,0.343350,0.664071,0.455347,0.000002,84.9
321,0.449796,0.038653,0.344720,0.664231,0.460309,0.000002,84.9
322,0.449024,0.038578,0.343869,0.665762,0.456677,0.000002,85.0
323,0.449151,0.038579,0.344122,0.664491,0.457963,0.000001,84.9
324,0.449170,0.038547,0.344104,0.665185,0.456850,0.000001,84.9
325,0.448990,0.038549,0.343983,0.664574,0.457708,0.000001,84.9
326,0.448928,0.038542,0.343925,0.664605,0.457146,0.000001,85.0
327,0.448206,0.038532,0.343222,0.664520,0.456473,0.000001,84.9
328,0.447991,0.038528,0.342935,0.665281,0.456794,0.000001,84.9
329,0.447613,0.038495,0.342618,0.665009,0.457691,0.000001,84.9
330,0.447403,0.038452,0.342458,0.664936,0.453114,0.000001,84.9
331,0.447158,0.038407,0.342223,0.665267,0.456004,0.000001,84.9
332,0.447657,0.038445,0.342635,0.665758,0.455336,0.000001,84.9
333,0.446941,0.038427,0.341955,0.665587,0.455447,0.000001,84.9
334,0.447076,0.038437,0.342053,0.665855,0.453327,0.000001,84.9
335,0.447543,0.038494,0.342464,0.665855,0.453554,0.000000,84.9
336,0.446871,0.038431,0.341883,0.665568,0.456765,0.000000,84.9
337,0.447071,0.038434,0.342071,0.665664,0.453893,0.000000,84.9
338,0.446679,0.038399,0.341721,0.665592,0.452551,0.000000,84.8
339,0.446486,0.038415,0.341542,0.665297,0.457647,0.000000,84.8
340,0.447301,0.038464,0.342220,0.666178,0.453409,0.000000,84.9
341,0.446894,0.038436,0.341930,0.665273,0.453362,0.000000,84.6
342,0.446753,0.038420,0.341797,0.665353,0.455237,0.000000,84.6
343,0.446960,0.038465,0.341949,0.665464,0.455562,0.000000,84.6
344,0.447127,0.038458,0.342130,0.665388,0.456143,0.000000,84.7
345,0.446744,0.038431,0.341839,0.664747,0.453908,0.000000,84.7
346,0.447106,0.038445,0.342149,0.665119,0.456732,0.000000,84.7
347,0.447159,0.038465,0.342179,0.665155,0.453246,0.000000,84.7
348,0.446939,0.038458,0.341923,0.665581,0.453525,0.000000,84.7
349,0.447508,0.038517,0.342413,0.665782,0.454474,0.000000,84.7
350,0.447260,0.038475,0.342232,0.665536,0.455738,0.000000,84.7
